INSERT INTO drivers (
  license_number, first_name, middle_name, last_name,
  date_of_birth, sex, license_type, license_status,
  issuance_date, expiration_date
) VALUES
('D0124678901', 'Aaron Michael', 'Montes', 'Ariedo', '1985-07-18', 'M', 'Professional', 'Valid', '2022-07-18', '2027-07-18'),
('D0198765432', 'Shane', 'Coladilla', 'Pepito', '1990-05-15', 'F', 'Professional', 'Valid', '2021-05-15', '2026-05-15'),
('D0191234567', 'Mark Erwin', 'Palita', 'Pesino', '1992-08-22', 'M', 'Non-Professional', 'Valid', '2020-08-22', '2025-08-22'),
('D0187654321', 'Jimin', NULL, 'Park', '1988-03-10', 'M', 'Professional', 'Expired', '2019-03-10', '2024-03-10'),
('D0181234567', 'Jungkook', NULL, 'Jeon', '1996-11-30', 'F', 'Non-Professional', 'Suspended', '2020-11-30', '2025-11-30'),
('A1139245427', 'Flossie', 'Strafen', 'Peck', '1992-04-22', 'M', 'Non-Professional', 'Suspended', '2026-09-12', '2029-01-26'),
('A1201593253', 'Wilmar', 'Burrows', 'Myott', '1990-10-28', 'M', 'Professional', 'Valid', '2026-01-02', '2029-10-05'),
('A1175289331', 'Cozmo', 'MacAulay', 'Attaway', '2001-05-02', 'F', 'Student Permit', 'Revoked', '2025-08-10', '2031-08-31'),
('A1672650194', 'Danna', 'Rattry', 'Macconachy', '2002-01-06', 'M', 'Professional', 'Revoked', '2026-11-09', '2030-09-13'),
('A1716256744', 'Annette', 'Palffrey', 'MattiCCI', '2002-04-26', 'M', 'Non-Professional', 'Revoked', '2026-03-11', '2031-01-07'),
('A0909846312', 'Kristos', 'Gitthouse', 'Yeldham', '2001-12-08', 'M', 'Non-Professional', 'Revoked', '2026-11-11', '2031-05-01'),
('A0386393177', 'Cornelia', 'Gillhespy', 'Spadaro', '2002-07-25', 'M', 'Student Permit', 'Revoked', '2026-06-03', '2029-09-25'),
('A0469319947', 'Doyle', 'Reichhardt', 'Sheringham', '1993-05-02', 'M', 'Student Permit', 'Valid', '2025-04-12', '2031-10-26'),
('A0702363957', 'Burty', 'Gransden', 'Goly', '2002-09-06', 'M', 'Professional', 'Revoked', '2025-03-20', '2031-06-07'),
('A0521134358', 'Pavla', 'Biffin', 'Kretchmer', '2002-05-08', 'F', 'Non-Professional', 'Suspended', '2026-01-22', '2031-09-19'),
('A0508801164', 'Brose', 'Keely', 'Critch', '1999-11-22', 'M', 'Student Permit', 'Revoked', '2024-12-06', '2031-03-09'),
('B1229313359', 'Sabine', 'Dilston', 'Mason', '1991-05-09', 'M', 'Student Permit', 'Suspended', '2026-01-31', '2029-03-12'),
('B1300949152', 'Jody', 'Skae', 'Bradford', '1992-06-06', 'M', 'Student Permit', 'Valid', '2025-05-15', '2029-06-05'),
('B1268492265', 'Noach', 'Beet', 'Hatt', '2001-08-11', 'F', 'Non-Professional', 'Revoked', '2026-09-16', '2031-02-05'),
('B1003773443', 'Tom', 'Skeene', 'Palethorpe', '2003-01-03', 'F', 'Professional', 'Suspended', '2026-07-02', '2031-11-07'),
('B1619447565', 'Reidar', 'Pruvost', 'De Rechter', '1994-10-21', 'F', 'Professional', 'Valid', '2025-04-05', '2030-09-19'),
('B0258531239', 'Wallie', 'Rodell', 'Knowles', '1997-05-07', 'M', 'Student Permit', 'Valid', '2026-01-13', '2030-05-15'),
('B0556267321', 'Scotty', 'Maffeo', 'Buston', '2005-01-04', 'F', 'Professional', 'Revoked', '2026-09-13', '2031-03-07'),
('B0910240198', 'Abbott', 'Leale', 'But', '1998-10-11', 'M', 'Non-Professional', 'Valid', '2026-03-30', '2031-08-01'),
('B0419077551', 'Frans', 'MacGillivray', 'Nockles', '1995-05-04', 'F', 'Professional', 'Suspended', '2025-03-15', '2030-04-20'),
('B0796000825', 'Marys', 'Kingdom', 'Engeham', '1993-06-22', 'F', 'Professional', 'Valid', '2026-03-05', '2029-08-02'),
('C0136515254', 'Niko', 'Webben', 'Kinsella', '1997-07-31', 'F', 'Student Permit', 'Suspended', '2026-02-28', '2029-01-23'),
('D1326315690', 'Ailey', 'Sparling', 'Aubry', '2000-01-02', 'M', 'Non-Professional', 'Suspended', '2025-09-27', '2030-12-19'),
('C0054240341', 'Warner', 'Van Hove', 'Mouget', '2005-06-17', 'M', 'Professional', 'Suspended', '2026-06-18', '2030-10-24'),
('C0147413352', 'Trey', 'Kaygill', 'Haylands', '1993-08-08', 'M', 'Professional', 'Suspended', '2025-10-02', '2030-01-01'),
('C0258849714', 'Vivie', 'Erricker', 'Reynish', '1991-07-06', 'M', 'Student Permit', 'Valid', '2025-12-31', '2030-01-07'),
('C0518025183', 'Alika', 'Espinheira', 'Botham', '1996-03-21', 'M', 'Non-Professional', 'Suspended', '2026-08-18', '2029-04-11'),
('B05796838', 'Birk', 'Cawsy', 'Tatnell', '1995-03-22', 'F', 'Student Permit', 'Suspended', '2026-07-29', '2031-11-26'),
('B0520295412', 'Mia', 'Brett', 'Ivatt', '1990-11-29', 'M', 'Student Permit', 'Revoked', '2026-01-10', '2030-10-23'),
('B0686857712', 'Osborn', 'Hay', 'Schulkins', '2005-11-02', 'M', 'Non-Professional', 'Suspended', '2025-12-03', '2029-02-27'),
('B0746010670', 'Michal', 'Ubsdale', 'Alsford', '1992-03-03', 'F', 'Non-Professional', 'Revoked', '2025-02-22', '2030-11-05'),
('B0257634762', 'Mariele', 'Hindmore', 'McKinless', '2005-02-23', 'F', 'Student Permit', 'Revoked', '2025-10-04', '2029-09-06'),
('B0041901517', 'Aidan', 'Sline', 'Beevors', '2001-01-21', 'F', 'Student Permit', 'Suspended', '2026-08-11', '2030-04-04'),
('D0390390693', 'Cecilia', 'Compfort', 'Sherratt', '2002-03-03', 'M', 'Non-Professional', 'Suspended', '2026-11-15', '2030-04-12'),
('D0030898145', 'Tiertza', 'Luther', 'Foggo', '2005-06-21', 'F', 'Student Permit', 'Suspended', '2025-02-16', '2031-11-05'),
('D0680001739', 'Lura', 'Parmiter', 'Pinkard', '2005-03-08', 'M', 'Non-Professional', 'Suspended', '2025-10-16', '2030-01-20'),
('D0853014435', 'Billie', 'Weine', 'Viste', '2002-08-03', 'M', 'Student Permit', 'Suspended', '2024-12-31', '2029-10-29'),
('D0238266246', 'Bradan', 'Hecks', 'Landsman', '1996-07-26', 'M', 'Student Permit', 'Suspended', '2025-02-19', '2031-06-11'),
('A1507047231', 'Norina', 'Jouannin', 'Greed', '1998-01-06', 'M', 'Professional', 'Suspended', '2025-09-17', '2029-10-14'),
('A1052869599', 'Alvira', 'Nelthorp', 'Sked', '2003-08-14', 'F', 'Student Permit', 'Valid', '2025-01-08', '2030-02-18'),
('A1000063797', 'Parrnell', 'Carress', 'Pigdon', '1991-12-07', 'M', 'Professional', 'Suspended', '2026-11-25', '2029-06-06'),
('A1259216610', 'Beaufort', 'Grocutt', 'Lechelle', '1997-05-28', 'M', 'Student Permit', 'Suspended', '2026-12-16', '2029-10-15'),
('A1994566631', 'Lacee', 'Pook', 'Hamel', '2004-04-24', 'M', 'Professional', 'Valid', '2025-06-22', '2029-03-18'),
('A1365497173', 'Kori', 'Duffield', 'Clarricoates', '1991-08-25', 'M', 'Student Permit', 'Suspended', '2026-12-08', '2031-08-25'),
('A1262306064', 'Deirdre', 'Hendrickson', 'Wraggs', '1991-04-07', 'M', 'Student Permit', 'Revoked', '2026-04-07', '2030-09-16');

INSERT INTO driver_addresses (
  license_number, street, city, region, province, postal_code
) VALUES
('D0124678901', '9 J.P. Laurel St.', 'City of Davao', 'Region XI (Davao Region)', 'Davao del Sur', '8000'),
('D0198765432', '123 Mabini St.', 'City of Manila', 'National Capital Region (NCR)', 'Metro Manila', '1000'),
('D0191234567', '15 Garcia St.', 'Quezon City', 'National Capital Region (NCR)', 'Metro Manila', '1100'),
('D0187654321', '9 J.P. Laurel St.', 'City of Davao', 'Region XI (Davao Region)', 'Davao del Sur', '8000'),
('D0181234567', '8 Osmena Blvd.', 'Cebu City', 'Region VII (Central Visayas)', 'Cebu', '6000'),
('A1139245427', '5 Ohio Avenue', 'Antipolo', 'Region IV-A (CALABARZON)', 'Rizal', '1870'),
('A1201593253', '739 Monument Place', 'Bacoor', 'Region IV-A (CALABARZON)', 'Cavite', '4102'),
('A1175289331', '3 Norway Maple Alley', 'Batangas City', 'Region IV-A (CALABARZON)', 'Batangas', '4200'),
('A1672650194', '4 Comanche Parkway', 'Biñan', 'Region IV-A (CALABARZON)', 'Laguna', '4024'),
('A1716256744', '9 Blaine Junction', 'Cabuyao', 'Region IV-A (CALABARZON)', 'Laguna', '4025'),
('A0909846312', '70928 Homewood Way', 'Calaca', 'Region IV-A (CALABARZON)', 'Batangas', '4212'),
('A0386393177', '6293 Park Meadow Alley', 'Calamba', 'Region IV-A (CALABARZON)', 'Laguna', '4027'),
('A0469319947', '25 Packers Trail', 'Carmona', 'Region IV-A (CALABARZON)', 'Cavite', '4116'),
('A0702363957', '9395 Roxbury Crossing', 'Cavite City', 'Region IV-A (CALABARZON)', 'Cavite', '4101'),
('A0521134358', '5091 Green Alley', 'Dasmariñas', 'Region IV-A (CALABARZON)', 'Cavite', '4114'),
('A0508801164', '4 Stone Corner Drive', 'General Trias', 'Region IV-A (CALABARZON)', 'Cavite', '4107'),
('B1229313359', '85 Spohn Way', 'Imus', 'Region IV-A (CALABARZON)', 'Cavite', '4103'),
('B1300949152', '233 Reinke Way', 'Lipa', 'Region IV-A (CALABARZON)', 'Batangas', '4217'),
('B1268492265', '6880 North Parkway', 'Lucena', 'Region IV-A (CALABARZON)', 'Quezon', '4301'),
('B1003773443', '47 Emmet Point', 'San Pablo', 'Region IV-A (CALABARZON)', 'Laguna', '4000'),
('B1619447565', '1812 Hoepker Court', 'San Pedro', 'Region IV-A (CALABARZON)', 'Laguna', '4023'),
('B0258531239', '29 Maple Wood Plaza', 'Santa Rosa', 'Region IV-A (CALABARZON)', 'Laguna', '4026'),
('B0556267321', '2 Summer Ridge Center', 'Santo Tomas', 'Region IV-A (CALABARZON)', 'Batangas', '4234'),
('B0910240198', '8076 Fairfield Street', 'Tagaytay', 'Region IV-A (CALABARZON)', 'Cavite', '4120'),
('B0419077551', '9557 Golf Place', 'Tanauan', 'Region IV-A (CALABARZON)', 'Batangas', '4232'),
('B0796000825', '47 Nova Point', 'Tayabas', 'Region IV-A (CALABARZON)', 'Quezon', '4302'),
('C0136515254', '7434 1st Lane', 'Trece Martires', 'Region IV-A (CALABARZON)', 'Cavite', '4109'),
('D1326315690', '11294 Blackbird Pass', 'Caloocan', 'National Capital Region (NCR)', 'NCR', '1400'),
('C0054240341', '264 Everett Junction', 'Las Piñas', 'National Capital Region (NCR)', 'NCR', '1740'),
('C0147413352', '4482 Carioca Alley', 'Makati', 'National Capital Region (NCR)', 'NCR', '1200'),
('C0258849714', '0 Norway Maple Terrace', 'Malabon', 'National Capital Region (NCR)', 'NCR', '1470'),
('C0518025183', '22424 Southridge Junction', 'Mandaluyong', 'National Capital Region (NCR)', 'NCR', '1550'),
('B05796838', '295 Union Street', 'Manila', 'National Capital Region (NCR)', 'NCR', '1000'),
('B0520295412', '1 South Center', 'Marikina', 'National Capital Region (NCR)', 'NCR', '1800'),
('B0686857712', '2831 Northland Court', 'Muntinlupa', 'National Capital Region (NCR)', 'NCR', '1770'),
('B0746010670', '98905 Melody Road', 'Navotas', 'National Capital Region (NCR)', 'NCR', '1485'),
('B0257634762', '917 Weeping Birch Plaza', 'Parañaque', 'National Capital Region (NCR)', 'NCR', '1700'),
('B0041901517', '0 Maple Wood Way', 'Pasay', 'National Capital Region (NCR)', 'NCR', '1300'),
('D0390390693', '94343 Huxley Street', 'Pasig', 'National Capital Region (NCR)', 'NCR', '1600'),
('D0030898145', '17624 Pankratz Center', 'Quezon City', 'National Capital Region (NCR)', 'NCR', '1100'),
('D0680001739', '61891 Dwight Hill', 'San Juan', 'National Capital Region (NCR)', 'NCR', '1500'),
('D0853014435', '2297 6th Road', 'Taguig', 'National Capital Region (NCR)', 'NCR', '1630'),
('D0238266246', '9395 Beilfuss Hill', 'Valenzuela', 'Region V (Bicol Region)', 'NCR', '1440'),
('A1507047231', '25 Hayes Road', 'Legazpi', 'Region V (Bicol Region)', 'Albay', '4500'),
('A1052869599', '63 Dahle Road', 'Naga', 'Region V (Bicol Region)', 'Camarines Sur', '4400'),
('A1000063797', '9997 Eagan Park', 'Iriga', 'Region V (Bicol Region)', 'Camarines Sur', '4405'),
('A1259216610', '226 Service Pass', 'Tabaco', 'Region V (Bicol Region)', 'Albay', '4511'),
('A1994566631', '664 Corry Way', 'Ligao', 'Region V (Bicol Region)', 'Albay', '4504'),
('A1365497173', '4 Grayhawk Street', 'Sorsogon City', 'Region V (Bicol Region)', 'Sorsogon', '4700'),
('A1262306064', '4 Maywood Trail', 'Masbate City', 'Region IV-A (CALABARZON)', 'Masbate', '5400');

INSERT INTO vehicles (
  plate_number, engine_number, chassis_number, owner_license_number,
  vehicle_type, make, model, year, color
) VALUES
('ABC-1234', '4G18-AB123456', 'MH8AB567890123456', 'D0198765432', 'Private Car', 'Toyota', 'Vios', 2020, 'White'),
('XYZ-5678', 'HC150-XY987654', 'JH2RC4460XM123456', 'D0198765432', 'Motorcycle', 'Honda', 'Click 150i', 2022, 'Red'),
('DEF-9876', '1TR-FE-DF246810', 'JTMBR32V6JH123456', 'D0191234567', 'Public Utility Vehicle', 'Toyota', 'Innova', 2019, 'Silver'),
('GHI-2468', 'G4FC-GH135791', 'KMHCU41D9FU123456', 'D0187654321', 'Private Car', 'Hyundai', 'Accent', 2021, 'Blue'),
('JKL-1357', 'CB650R-JK112233', 'MLHRC7485P5123456', 'D0181234567', 'Motorcycle', 'Honda', 'CB650R', 2023, 'Black'),
('XIN-3086', 'JM1380-98303984', 'KNPXXPP9H2D057083', 'A1139245427', 'Private Car', 'Chevrolet', 'Blazer', 1997, 'Turquoise'),
('BJZ-3140', 'JH1110-01467354', 'ES3RGBE9F2B479091', 'A1201593253', 'Motorcycle', 'Lincoln', 'Continental', 1994, 'Blue'),
('WLK-4399', 'HT5446-76622262', 'PPGLWL8V8XP758705', 'A1175289331', 'Public Utility Vehicle', 'Mercedes-Benz', 'C-Class', 2000, 'Goldenrod'),
('YTV-0541', 'CG8237-13107067', 'P9H9EGGYAP5641664', 'A1672650194', 'Private Car', 'Mercedes-Benz', 'CL-Class', 2010, 'Indigo'),
('KJW-5847', 'PY8617-20892871', 'W66EG56PAJP638473', 'A1716256744', 'Motorcycle', 'Subaru', 'Legacy', 2005, 'Violet'),
('NER-6995', 'JY0586-93642725', 'PPP1GMTC22C476148', 'A0909846312', 'Public Utility Vehicle', 'Ford', 'Mustang', 2001, 'Green'),
('IGF-8533', 'YO5655-46163851', 'EMPJPZHW5P2346312', 'A0386393177', 'Private Car', 'Kia', 'Sportage', 1997, 'Red'),
('BWL-2457', 'MX4556-20160807', '5KPJDLUKLY7962529', 'A0469319947', 'Motorcycle', 'Ford', 'Contour', 1999, 'Mauv'),
('JIJ-5442', 'CB4276-57641744', '3PPPK0XP9HH141136', 'A0702363957', 'Public Utility Vehicle', 'BMW', '3 Series', 2001, 'Mauv'),
('GPT-4139', 'SG3087-81791756', 'CCDVPB9TLCP238410', 'A0521134358', 'Private Car', 'MINI', 'Cooper', 2009, 'Aquamarine'),
('HRA-3640', 'WT1484-13454613', 'PUGNT0XFPP2040709', 'A0508801164', 'Motorcycle', 'GMC', 'Yukon XL 1500', 2007, 'Mauv'),
('JLT-5943', 'PA1881-84760089', 'DPXFPF51UKJ527794', 'B1229313359', 'Public Utility Vehicle', 'GMC', 'Safari', 2002, 'Yellow'),
('ZTQ-9535', 'CP9841-28803606', 'EBT3PCPNPPB973648', 'B1300949152', 'Private Car', 'Mitsubishi', 'Endeavor', 2006, 'Pink'),
('GQP-9483', 'FR7569-52183735', 'TAN1XEPPRPW476203', 'B1268492265', 'Motorcycle', 'Volkswagen', 'Fox', 1990, 'Blue'),
('AGV-3803', 'JQ0076-74128220', 'JPAFPPYBXJG741065', 'B1003773443', 'Public Utility Vehicle', 'Dodge', 'Viper', 1993, 'Yellow'),
('QPM-4568', 'KG2877-24822554', 'KNTV1TRPPPX491186', 'B1619447565', 'Private Car', 'Saab', '9-3', 2007, 'Pink'),
('WEO-4971', 'QQ3288-40084609', 'NC1AGH07NKT464081', 'B0258531239', 'Motorcycle', 'Lincoln', 'Continental', 1998, 'Indigo'),
('VHQ-0118', 'IS1154-72767624', 'FUPW5VJSNLP988573', 'B0556267321', 'Public Utility Vehicle', 'Volvo', '940', 1992, 'Violet'),
('DXP-8634', 'FT4391-16495957', 'SK62P7MY9PS294974', 'B0910240198', 'Private Car', 'Pontiac', 'Gemini', 1988, 'Turquoise'),
('UOD-1075', 'IZ7133-41018778', 'ANSTD8PUHPV043097', 'B0419077551', 'Motorcycle', 'Mitsubishi', 'Lancer', 2011, 'Turquoise'),
('QYO-8233', 'FC4567-69119885', '9H4NKH5KPUH448501', 'B0796000825', 'Public Utility Vehicle', 'Chevrolet', 'Metro', 1999, 'Aquamarine'),
('FEG-6702', 'LQ2277-92474793', 'LJ2NTDNMAMC778007', 'C0136515254', 'Private Car', 'Chevrolet', 'Caprice', 1995, 'Crimson'),
('OZQ-3039', 'JY5820-54536366', 'CP8LP7BPRYP940515', 'D1326315690', 'Motorcycle', 'Lincoln', 'Continental Mark VII', 1991, 'Crimson'),
('PQI-3885', 'XD3986-51659051', 'PAKL25PAPP8362521', 'C0054240341', 'Public Utility Vehicle', 'Infiniti', 'IPL G', 2011, 'Yellow'),
('LJG-4551', 'ZE3392-16305998', 'EPVUAPPP2PL428854', 'C0147413352', 'Private Car', 'Saab', '9-5', 2010, 'Orange'),
('BXB-1295', 'BE7880-78438914', '50JJP6GJNE5570306', 'C0258849714', 'Motorcycle', 'Suzuki', 'SJ', 1988, 'Yellow'),
('BLU-0827', 'EI1259-33629858', '0GN7DPDVD9V216591', 'C0518025183', 'Public Utility Vehicle', 'Saab', '9-7X', 2005, 'Red'),
('KXC-6495', 'XY2641-50716774', 'PFJPDN4CNJK009882', 'B05796838', 'Private Car', 'Volkswagen', 'Jetta', 1994, 'Purple'),
('DBX-9262', 'HJ7792-89717497', 'N8PN3PULBHG258827', 'B0520295412', 'Motorcycle', 'Isuzu', 'Rodeo', 1993, 'Indigo'),
('YKM-7959', 'FJ9127-70451634', 'NPFXUPWAA8P803928', 'B0686857712', 'Public Utility Vehicle', 'Suzuki', 'Esteem', 1996, 'Pink'),
('SVN-3799', 'DF6831-01995039', 'J9L9FU9P0AD197701', 'B0746010670', 'Private Car', 'Buick', 'Enclave', 2010, 'Fuscia'),
('FAV-9270', 'LS9677-16748010', 'MPF7N49PLEP897867', 'B0257634762', 'Motorcycle', 'Hummer', 'H1', 1996, 'Goldenrod'),
('AAM-3000', 'LC7953-52719923', 'N8JSPUU3KLP030766', 'B0041901517', 'Public Utility Vehicle', 'Ford', 'Ranger', 1996, 'Maroon'),
('FRT-7596', 'TI9477-26667474', '6K3KPPJUHJG317978', 'D0390390693', 'Private Car', 'Maserati', 'Coupe', 2006, 'Violet'),
('LAG-6650', 'JC6670-31639312', '1DZ0PPZXT0P792615', 'D0030898145', 'Motorcycle', 'Cadillac', 'DeVille', 1994, 'Green'),
('SDW-8285', 'NK4036-66581353', 'EP7P8PW8A36396350', 'D0680001739', 'Public Utility Vehicle', 'Buick', 'Century', 1984, 'Mauv'),
('TIX-4582', 'WA4758-88326669', '21E1KPLPD33842578', 'D0853014435', 'Private Car', 'GMC', '3500', 1992, 'Pink'),
('LBI-4169', 'RZ9631-16846929', 'APPVRBJJGPP314994', 'D0238266246', 'Motorcycle', 'Lexus', 'LX', 2008, 'Red'),
('PBY-0800', 'AE7920-65735002', 'JNJP146GJAY183678', 'A1507047231', 'Public Utility Vehicle', 'Isuzu', 'Hombre Space', 1997, 'Teal'),
('JTF-4387', 'DL8442-99077327', 'JNP0PRPMPPP627656', 'A1052869599', 'Private Car', 'Pontiac', 'Trans Sport', 1995, 'Red'),
('AJA-8956', 'FL6564-27559931', 'DNVPCMBJSTA117450', 'A1000063797', 'Motorcycle', 'Chrysler', 'Sebring', 1996, 'Aquamarine'),
('OTN-7756', 'TN6097-89926406', 'NP3XPVNR5UL306770', 'A1259216610', 'Public Utility Vehicle', 'Acura', 'TL', 2003, 'Blue'),
('URU-6719', 'HJ0646-02150530', 'MKNHPC1B91W742524', 'A1994566631', 'Private Car', 'Audi', 'A6', 1996, 'Aquamarine'),
('JIE-7455', 'GP1728-87837845', 'PCP1PPC1MPB527357', 'A1365497173', 'Motorcycle', 'BMW', 'M6', 2006, 'Turquoise'),
('WWF-2358', 'KB5822-73300002', 'L158F8P3WED202229', 'A1262306064', 'Public Utility Vehicle', 'Chrysler', 'Concorde', 2002, 'Blue');

INSERT INTO vehicle_registrations (
  registration_number, registration_status, vehicle_plate_number,
  expiration_date, registration_date
) VALUES 
('1234567890', 'Active', 'XYZ-5678', '2028-09-06', '2024-09-06'),
('1234567891', 'Expired', 'ABC-1234', '2025-09-06', '2022-09-06');

INSERT INTO violation_locations(
  violation_id, street, city, region,
  province
) VALUES
('1234567890', '9 J.P. Laurel St.', 'City of Davao', 'Region XI (Davao Region)', 'Davao del Sur'),
('1234567891', '123 Mabini St.', 'City of Manila', 'National Capital Region (NCR)', 'Metro Manila'),
('1234567892', '4482 Carioca Alley', 'Makati', 'National Capital Region (NCR)', 'Metro Manila');

INSERT INTO violation_fines(
  violation_type, fine_amount
) VALUES
('Speeding', '1000'),
('Illegal U-Turn', '500'),
('Beating the Red Light', '500');

INSERT INTO violations(
  violation_id, license_number, plate_number, violation_type, violation_date, apprehending_officer, 
  violation_status
) VALUES
('1234567890', 'D0124678901', 'ABC-1234', 'Speeding', '2026-04-25', 'Joe Schmoe', 'Unpaid'),
('1234567891', 'D0191234567', 'XYZ-5678', 'Illegal U-Turn', '2024-02-06', 'Joe Mamma', 'Paid'),
('1234567892', 'B0746010670', 'SVN-3799', 'Beating the Red Light', '2025-03-05', 'Joe Mamma', 'Contested');


